-- Adminer 4.7.6 MySQL dump

SET NAMES utf8;
SET time_zone = '+00:00';
SET foreign_key_checks = 0;
SET sql_mode = 'NO_AUTO_VALUE_ON_ZERO';

DROP TABLE IF EXISTS `doctrine_migration_versions`;
CREATE TABLE `doctrine_migration_versions` (
  `version` varchar(191) COLLATE utf8_unicode_ci NOT NULL,
  `executed_at` datetime DEFAULT NULL,
  `execution_time` int(11) DEFAULT NULL,
  PRIMARY KEY (`version`)
) ENGINE=InnoDB DEFAULT CHARSET=utf8 COLLATE=utf8_unicode_ci;

INSERT INTO `doctrine_migration_versions` (`version`, `executed_at`, `execution_time`) VALUES
('DoctrineMigrations\\Version20210503143446',	'2021-05-19 12:11:56',	530),
('DoctrineMigrations\\Version20210504073142',	'2021-05-19 12:11:57',	15),
('DoctrineMigrations\\Version20210504083737',	'2021-05-19 12:11:57',	1134),
('DoctrineMigrations\\Version20210504092555',	'2021-05-19 12:11:58',	133),
('DoctrineMigrations\\Version20210504094357',	'2021-05-19 12:11:58',	7),
('DoctrineMigrations\\Version20210504100602',	'2021-05-19 12:11:58',	161),
('DoctrineMigrations\\Version20210504121235',	'2021-05-19 12:11:58',	559),
('DoctrineMigrations\\Version20210507142404',	'2021-05-19 12:11:59',	13);

SET NAMES utf8mb4;

DROP TABLE IF EXISTS `dump`;
CREATE TABLE `dump` (
  `id` int(11) NOT NULL AUTO_INCREMENT,
  `emergency_id` int(11) NOT NULL,
  `user_id` int(11) NOT NULL,
  `title` varchar(128) COLLATE utf8mb4_unicode_ci NOT NULL,
  `latitude_coordinate` double NOT NULL,
  `longitude_coordinate` double NOT NULL,
  `picture1` varchar(255) COLLATE utf8mb4_unicode_ci NOT NULL,
  `picture2` varchar(255) COLLATE utf8mb4_unicode_ci DEFAULT NULL,
  `picture3` varchar(255) COLLATE utf8mb4_unicode_ci DEFAULT NULL,
  `description` longtext COLLATE utf8mb4_unicode_ci DEFAULT NULL,
  `is_closed` tinyint(1) NOT NULL DEFAULT 0,
  `created_at` datetime NOT NULL,
  `updated_at` datetime DEFAULT NULL,
  PRIMARY KEY (`id`),
  KEY `IDX_476C7125D904784C` (`emergency_id`),
  KEY `IDX_476C7125A76ED395` (`user_id`),
  CONSTRAINT `FK_476C7125A76ED395` FOREIGN KEY (`user_id`) REFERENCES `user` (`id`),
  CONSTRAINT `FK_476C7125D904784C` FOREIGN KEY (`emergency_id`) REFERENCES `emergency` (`id`)
) ENGINE=InnoDB DEFAULT CHARSET=utf8mb4 COLLATE=utf8mb4_unicode_ci;

INSERT INTO `dump` (`id`, `emergency_id`, `user_id`, `title`, `latitude_coordinate`, `longitude_coordinate`, `picture1`, `picture2`, `picture3`, `description`, `is_closed`, `created_at`, `updated_at`) VALUES
(1,	2,	11,	'Rerum accusamus beatae dolores enim et doloribus voluptatibus.',	47.323843880059,	5.2295230346122,	'000-dump-placeholder.jpg',	NULL,	NULL,	'Doloribus cupiditate dolorem saepe libero quas.',	0,	'2021-04-27 17:11:33',	'2021-05-16 05:21:03'),
(2,	2,	7,	'Esse eveniet debitis omnis voluptatem voluptatem et.',	44.163210738935,	2.4801370293164,	'000-dump-placeholder.jpg',	NULL,	NULL,	'Velit molestiae porro consequuntur quos hic animi.',	1,	'2021-05-18 13:41:42',	'2021-05-18 16:13:57'),
(3,	2,	8,	'Et ipsam omnis saepe dolor in perspiciatis sit.',	45.267348038272,	2.6169999045451,	'000-dump-placeholder.jpg',	NULL,	NULL,	'Hic reiciendis culpa rerum soluta in dicta molestiae asperiores.',	0,	'2020-11-05 04:14:12',	'2021-04-08 13:55:34'),
(4,	3,	21,	'Nesciunt eum non in esse et.',	46.107878919654,	1.4363079691572,	'000-dump-placeholder.jpg',	NULL,	NULL,	'Placeat non ratione eaque possimus quia.',	1,	'2020-11-20 10:08:37',	'2021-04-26 00:40:25'),
(5,	2,	30,	'Iste quidem eum labore velit voluptatibus.',	46.164227141319,	1.8500943857477,	'000-dump-placeholder.jpg',	NULL,	NULL,	'Dignissimos et dolorem doloremque quam quia.',	0,	'2021-04-10 03:45:27',	'2021-04-21 05:28:29'),
(6,	3,	30,	'Sapiente quia recusandae aut numquam laboriosam sint enim.',	49.252890255932,	1.8330331210934,	'000-dump-placeholder.jpg',	NULL,	NULL,	'Non eos sed amet sunt vitae enim.',	1,	'2021-02-13 09:08:14',	'2021-04-08 03:09:32'),
(7,	2,	14,	'Vel nisi ea itaque est et.',	48.425011895074,	4.9468189258458,	'000-dump-placeholder.jpg',	NULL,	NULL,	'Sit veniam vel eos.',	1,	'2021-05-05 02:23:16',	'2021-05-15 18:07:44'),
(8,	2,	21,	'Totam aut nisi non omnis voluptatem.',	46.67047036839,	4.1964814853046,	'000-dump-placeholder.jpg',	NULL,	NULL,	'Ut voluptates quo incidunt omnis aut enim nihil repellat.',	0,	'2021-02-25 17:53:49',	'2021-03-18 12:26:48'),
(9,	1,	11,	'Autem nihil esse repudiandae pariatur.',	46.261848616718,	3.3994605501236,	'000-dump-placeholder.jpg',	NULL,	NULL,	'Ad iste minus ullam quidem.',	1,	'2021-04-21 18:57:38',	'2021-05-11 09:05:27'),
(10,	1,	2,	'Labore qui et molestias hic minus et.',	47.244301687469,	5.3486307685815,	'000-dump-placeholder.jpg',	NULL,	NULL,	'Reprehenderit magni fugiat consequatur officiis velit.',	0,	'2021-04-23 21:36:04',	'2021-05-10 15:13:04'),
(11,	1,	11,	'Voluptates nulla totam eos omnis inventore.',	44.651552298877,	2.3274371805415,	'000-dump-placeholder.jpg',	NULL,	NULL,	'Ullam voluptas et tempora repellat corporis excepturi sint.',	0,	'2020-12-23 13:08:13',	'2021-01-08 07:23:00'),
(12,	2,	18,	'Ut explicabo corporis eligendi ut.',	49.322592636036,	5.1997956192216,	'000-dump-placeholder.jpg',	NULL,	NULL,	'Explicabo optio amet velit aut delectus iure.',	1,	'2020-11-02 06:48:00',	'2021-05-19 03:34:13'),
(13,	1,	2,	'Unde id in id porro molestiae in.',	48.308479007996,	0.57826536132405,	'000-dump-placeholder.jpg',	NULL,	NULL,	'Est dolores consectetur odio facere.',	0,	'2020-12-15 23:49:45',	'2021-04-20 17:11:24'),
(14,	2,	10,	'Cupiditate doloremque odio ad asperiores quaerat eius accusamus.',	47.695218839309,	5.5514101774617,	'000-dump-placeholder.jpg',	NULL,	NULL,	'Facilis molestias quo omnis minima illo delectus iste.',	0,	'2020-11-07 02:23:24',	'2021-04-10 02:08:47'),
(15,	3,	21,	'Quos aliquam delectus accusantium quidem ut eius.',	49.172330844736,	2.7376714802484,	'000-dump-placeholder.jpg',	NULL,	NULL,	'Voluptatem earum officiis sed autem ut voluptatem est quod.',	0,	'2021-02-21 01:20:16',	'2021-04-12 06:16:23'),
(16,	1,	3,	'Explicabo quia sed ea aperiam unde voluptatem.',	45.415742741539,	0.41340899488993,	'000-dump-placeholder.jpg',	NULL,	NULL,	'Molestiae et laboriosam dolor odit omnis vel excepturi.',	1,	'2020-11-26 06:03:08',	'2021-02-22 20:13:58'),
(17,	3,	30,	'Fugit ea accusantium temporibus qui.',	45.210061546933,	3.5182575489467,	'000-dump-placeholder.jpg',	NULL,	NULL,	'Eius voluptas numquam quam occaecati culpa aut.',	1,	'2021-02-02 13:25:02',	'2021-04-24 23:11:52'),
(18,	3,	19,	'Aliquid aut cumque consequuntur non qui.',	48.329945108835,	2.9156184536161,	'000-dump-placeholder.jpg',	NULL,	NULL,	'Qui est velit excepturi et necessitatibus.',	1,	'2020-11-07 07:57:00',	'2021-01-31 01:03:31'),
(19,	1,	27,	'Rerum voluptas necessitatibus eius commodi odio.',	45.128347987612,	4.8760971417826,	'000-dump-placeholder.jpg',	NULL,	NULL,	'Molestias in minus aliquid repudiandae.',	1,	'2020-12-01 14:47:48',	'2021-03-24 04:29:17'),
(20,	3,	21,	'Vel ut modi quia recusandae qui eligendi.',	48.260325618485,	2.9581615142057,	'000-dump-placeholder.jpg',	NULL,	NULL,	'Tenetur voluptatem repudiandae reiciendis.',	1,	'2021-04-24 04:09:08',	'2021-05-18 00:42:12'),
(21,	3,	4,	'Nostrum voluptas est tenetur sed.',	48.289318798647,	0.30523426991819,	'000-dump-placeholder.jpg',	NULL,	NULL,	'Qui eaque nihil aliquid eos fugit natus quaerat.',	1,	'2020-11-01 20:18:38',	'2021-02-20 05:26:00'),
(22,	2,	5,	'Doloribus qui dicta eligendi quae recusandae facere quo beatae.',	46.119337818327,	2.7303924863184,	'000-dump-placeholder.jpg',	NULL,	NULL,	'Quis inventore qui ea sit in ut qui.',	1,	'2020-11-28 02:56:04',	'2021-04-07 00:49:52'),
(23,	1,	16,	'Similique consequatur nisi fuga dolores aut.',	46.338499460353,	4.8903284730024,	'000-dump-placeholder.jpg',	NULL,	NULL,	'A aperiam voluptas aut qui neque.',	1,	'2021-04-23 00:43:23',	'2021-04-26 04:27:16'),
(24,	2,	29,	'Fugit reiciendis excepturi enim.',	46.277848909293,	3.2133895714957,	'000-dump-placeholder.jpg',	NULL,	NULL,	'Dolore quis et eius et et omnis eaque pariatur.',	1,	'2021-01-20 23:49:28',	'2021-03-07 14:14:33'),
(25,	2,	1,	'Suscipit qui accusamus eveniet dolorem voluptatem.',	47.197797132098,	5.9378975286968,	'000-dump-placeholder.jpg',	NULL,	NULL,	'Aliquam provident et voluptatem eveniet consequatur.',	0,	'2021-03-22 22:57:07',	'2021-04-22 07:12:54'),
(26,	1,	13,	'Ut nemo possimus qui totam.',	47.19028225234,	3.6064140589742,	'000-dump-placeholder.jpg',	NULL,	NULL,	'Ad rerum perferendis fugiat et facere.',	1,	'2021-05-04 14:56:13',	'2021-05-16 10:28:12'),
(27,	3,	21,	'Ut sit laudantium consequuntur aut et similique quas.',	45.236170148218,	3.421373160331,	'000-dump-placeholder.jpg',	NULL,	NULL,	'Accusamus facilis quia et mollitia deleniti qui nostrum doloremque.',	0,	'2021-05-15 13:50:23',	'2021-05-17 17:18:45'),
(28,	3,	21,	'Similique ut debitis consequatur facere dolorum doloremque.',	44.290009939507,	4.5750723069327,	'000-dump-placeholder.jpg',	NULL,	NULL,	'Ut perspiciatis quia quasi sit dolore ad.',	1,	'2021-03-19 02:39:40',	'2021-05-02 08:08:25'),
(29,	3,	6,	'Quisquam consequatur asperiores voluptatem magnam nostrum.',	46.171646693174,	1.4530680731735,	'000-dump-placeholder.jpg',	NULL,	NULL,	'Rerum ratione rerum repellendus ducimus nulla voluptatem.',	0,	'2020-11-10 04:57:12',	'2020-12-22 03:24:33'),
(30,	1,	26,	'Esse dolor qui illo.',	48.217601823321,	0.83038557757213,	'000-dump-placeholder.jpg',	NULL,	NULL,	'Tempora voluptas ut dolorem voluptates.',	1,	'2021-02-16 09:13:38',	'2021-04-09 18:08:05'),
(31,	2,	19,	'Reprehenderit sint mollitia sed facere.',	46.75185384898,	5.3165918390802,	'000-dump-placeholder.jpg',	NULL,	NULL,	'Molestias iusto autem laboriosam nulla earum.',	0,	'2021-05-20 05:23:00',	'2021-05-20 10:18:53'),
(32,	1,	9,	'Laboriosam sed recusandae nobis hic rerum.',	49.214457187009,	1.5373381442883,	'000-dump-placeholder.jpg',	NULL,	NULL,	'Consequatur aut ullam qui ea.',	0,	'2020-11-23 22:02:47',	'2021-03-23 19:32:28'),
(33,	2,	19,	'Omnis aut quos ut ad est quidem eum rerum.',	49.124443456712,	2.7099605892594,	'000-dump-placeholder.jpg',	NULL,	NULL,	'Eos enim non aut quas sunt.',	1,	'2021-05-13 00:05:15',	'2021-05-17 18:15:28'),
(34,	2,	4,	'Enim quae voluptas assumenda dolore.',	44.125877367773,	5.8274464039981,	'000-dump-placeholder.jpg',	NULL,	NULL,	'Et aut beatae nam.',	1,	'2021-03-16 09:32:17',	'2021-03-18 08:07:49'),
(35,	2,	7,	'Cupiditate iste repellat provident qui debitis.',	46.104161707046,	0.18737774047559,	'000-dump-placeholder.jpg',	NULL,	NULL,	'Voluptatem magnam odio impedit recusandae omnis consequatur ut.',	1,	'2021-04-25 05:01:39',	'2021-05-05 22:00:10'),
(36,	1,	21,	'Magnam iure enim sed velit aut.',	48.252091106739,	3.588064446583,	'000-dump-placeholder.jpg',	NULL,	NULL,	'Eos cupiditate quibusdam eveniet eveniet provident.',	1,	'2021-04-02 19:26:06',	'2021-04-15 07:45:39'),
(37,	1,	18,	'Aut voluptates est deleniti et accusantium nesciunt voluptas.',	49.519439013642,	3.9422272551227,	'000-dump-placeholder.jpg',	NULL,	NULL,	'Voluptas molestiae eum et eos fugiat.',	0,	'2020-12-01 20:18:55',	'2020-12-23 13:56:41'),
(38,	2,	6,	'Quae dignissimos sunt atque aut unde.',	48.293661480616,	5.9175701563395,	'000-dump-placeholder.jpg',	NULL,	NULL,	'Atque expedita ratione minima aut ut reiciendis ut.',	1,	'2020-12-14 12:26:48',	'2021-03-18 19:46:54'),
(39,	1,	21,	'A cumque ut et rerum dolore consectetur et beatae.',	46.286135792442,	4.2839615868717,	'000-dump-placeholder.jpg',	NULL,	NULL,	'Perspiciatis doloremque voluptates unde optio accusamus magnam non.',	0,	'2021-01-02 15:54:59',	'2021-02-28 14:20:34'),
(40,	3,	10,	'Consequuntur quo dolore qui in et quasi.',	45.317580042303,	2.8460705204364,	'000-dump-placeholder.jpg',	NULL,	NULL,	'Itaque nesciunt sit quidem fugit sapiente ullam eveniet dolore.',	0,	'2020-12-09 16:05:49',	'2021-03-06 06:04:06'),
(41,	3,	18,	'Dolorem totam laboriosam sit enim adipisci sint velit rerum.',	48.72489151968,	1.4702638079959,	'000-dump-placeholder.jpg',	NULL,	NULL,	'Fuga vitae expedita vitae vero animi.',	1,	'2021-01-01 08:09:58',	'2021-01-20 03:15:02'),
(42,	3,	13,	'Qui sit rem consequatur.',	49.910899659734,	3.5800631284049,	'000-dump-placeholder.jpg',	NULL,	NULL,	'Sunt aliquam mollitia id repudiandae.',	0,	'2020-11-07 09:30:28',	'2021-04-02 01:42:51'),
(43,	1,	14,	'Cumque commodi corrupti cum ratione.',	47.253341809539,	1.6855759739811,	'000-dump-placeholder.jpg',	NULL,	NULL,	'Provident vel tenetur asperiores animi ipsa.',	1,	'2021-03-20 22:19:57',	'2021-04-16 12:05:41'),
(44,	3,	1,	'Ipsum veniam neque omnis dolor qui.',	46.82827833475,	0.71554441141122,	'000-dump-placeholder.jpg',	NULL,	NULL,	'Aut quia culpa vero tenetur vel quasi.',	0,	'2021-05-10 01:23:16',	'2021-05-17 13:46:02'),
(45,	1,	7,	'Aut culpa dolores consectetur quod.',	44.246521872464,	5.5394481393351,	'000-dump-placeholder.jpg',	NULL,	NULL,	'Occaecati adipisci veritatis vel.',	0,	'2020-11-06 07:48:26',	'2021-03-23 00:55:45'),
(46,	2,	6,	'Vel quae laborum expedita quis ut odio et.',	48.273786089595,	0.18115945544642,	'000-dump-placeholder.jpg',	NULL,	NULL,	'Minus voluptates dignissimos est officiis est repudiandae est.',	0,	'2021-01-28 04:42:49',	'2021-02-03 15:50:15'),
(47,	1,	20,	'Nobis perspiciatis inventore voluptatem corrupti exercitationem.',	46.988785983899,	1.9208875612714,	'000-dump-placeholder.jpg',	NULL,	NULL,	'Sed quia et aliquid neque voluptas est.',	0,	'2021-02-16 02:01:09',	'2021-04-10 17:47:59'),
(48,	3,	28,	'Officia quis consequuntur voluptates non quasi minima eveniet.',	49.211249722102,	1.1336330511522,	'000-dump-placeholder.jpg',	NULL,	NULL,	'Qui ipsam iusto enim inventore molestias.',	0,	'2020-11-03 20:02:50',	'2021-02-01 08:14:37'),
(49,	1,	8,	'Consequuntur qui provident et accusamus veniam.',	47.793121870866,	4.8017944017788,	'000-dump-placeholder.jpg',	NULL,	NULL,	'Maiores est ducimus molestiae aliquam officiis soluta.',	0,	'2021-04-28 23:51:31',	'2021-05-01 02:18:15'),
(50,	1,	21,	'Atque inventore consequatur mollitia ducimus veritatis doloribus ad.',	45.174024713452,	5.3617394384681,	'000-dump-placeholder.jpg',	NULL,	NULL,	'Unde quos error modi saepe eos.',	0,	'2020-11-11 08:42:28',	'2021-01-29 01:04:55'),
(51,	3,	29,	'Et quo aut culpa reiciendis dolorum.',	44.253447502591,	1.6068868379611,	'000-dump-placeholder.jpg',	NULL,	NULL,	'Provident ipsa distinctio consequatur temporibus sunt officia et.',	1,	'2021-03-23 13:17:15',	'2021-04-28 23:55:07'),
(52,	2,	22,	'Perspiciatis voluptatem voluptatem eligendi provident sed sint magni qui.',	49.173824456044,	4.7800209920395,	'000-dump-placeholder.jpg',	NULL,	NULL,	'Sit quod est qui dolor.',	0,	'2020-11-02 08:54:38',	'2021-05-04 21:52:09'),
(53,	2,	9,	'Recusandae qui voluptas rerum quia et harum.',	48.9962949301,	4.1317305385783,	'000-dump-placeholder.jpg',	NULL,	NULL,	'Rerum voluptas dolore explicabo vero voluptates fugit officiis explicabo.',	0,	'2021-03-15 00:54:44',	'2021-03-16 05:42:15'),
(54,	2,	28,	'Tempore voluptatibus recusandae et deleniti tenetur itaque illo.',	47.257115209416,	2.5165929335975,	'000-dump-placeholder.jpg',	NULL,	NULL,	'Consequatur totam et et cumque nesciunt reiciendis sit.',	1,	'2021-01-13 16:27:13',	'2021-02-27 07:21:18'),
(55,	1,	6,	'Maiores quo pariatur qui pariatur cumque.',	49.198987701385,	3.7599844187928,	'000-dump-placeholder.jpg',	NULL,	NULL,	'Quibusdam asperiores aliquid ducimus fuga temporibus consequuntur omnis.',	0,	'2021-04-29 06:54:50',	'2021-05-09 16:34:04'),
(56,	2,	11,	'Vel est repellat asperiores vitae neque optio.',	48.154835148368,	1.5547320053649,	'000-dump-placeholder.jpg',	NULL,	NULL,	'Ratione vitae qui sed ut repudiandae quod.',	0,	'2021-05-19 09:46:46',	'2021-05-19 20:35:21'),
(57,	1,	20,	'Hic aut nulla neque minus dolores sit iusto.',	47.203882785408,	3.2163983724181,	'000-dump-placeholder.jpg',	NULL,	NULL,	'Vel laudantium et laborum veniam dolores dolorum ad.',	1,	'2020-12-20 11:29:41',	'2021-01-06 16:25:04'),
(58,	1,	25,	'Eveniet voluptas est accusantium.',	49.298068448997,	0.39490506909495,	'000-dump-placeholder.jpg',	NULL,	NULL,	'Omnis distinctio eum sit hic voluptatum quis.',	1,	'2021-04-10 16:37:13',	'2021-04-20 21:42:25'),
(59,	1,	30,	'Perferendis ut dolorum excepturi deleniti.',	44.14088097529,	2.5045650022262,	'000-dump-placeholder.jpg',	NULL,	NULL,	'Consequuntur ipsum dolores in dolor necessitatibus qui corrupti.',	1,	'2021-05-06 16:12:30',	'2021-05-13 11:57:23'),
(60,	1,	7,	'Qui odit et sed illo minima.',	45.225746353721,	5.8460606058602,	'000-dump-placeholder.jpg',	NULL,	NULL,	'Iure voluptatum excepturi sit quos magni numquam.',	0,	'2021-01-04 18:25:30',	'2021-01-14 03:18:53'),
(61,	1,	2,	'Voluptatem culpa dolores quis sunt occaecati est.',	46.137546324718,	0.38483621010533,	'000-dump-placeholder.jpg',	NULL,	NULL,	'Quis sit qui officia nihil quidem vel.',	0,	'2020-12-16 05:09:09',	'2021-04-02 10:23:01'),
(62,	3,	3,	'Minus quos laudantium porro quibusdam voluptatem suscipit quo consequatur.',	44.266105217466,	5.4457423159783,	'000-dump-placeholder.jpg',	NULL,	NULL,	'Fugit molestiae consectetur aut esse libero eveniet.',	0,	'2020-12-21 00:05:06',	'2021-02-24 01:01:32'),
(63,	2,	17,	'Eum nobis et et et fuga fugit.',	44.231744297555,	2.6190313853104,	'000-dump-placeholder.jpg',	NULL,	NULL,	'Sit debitis tempora aperiam nam.',	0,	'2021-04-12 06:55:15',	'2021-05-17 02:43:41'),
(64,	1,	2,	'Facilis sit ea quia velit.',	45.164632646294,	2.5176406693648,	'000-dump-placeholder.jpg',	NULL,	NULL,	'Enim molestias sunt odio aperiam tenetur.',	1,	'2020-11-03 05:58:39',	'2021-03-16 12:13:26'),
(65,	3,	17,	'Quidem quo similique vel.',	44.169751056609,	3.1785214789776,	'000-dump-placeholder.jpg',	NULL,	NULL,	'Aut velit perferendis dolores nemo.',	0,	'2020-12-31 18:37:54',	'2021-04-27 11:44:45'),
(66,	1,	8,	'Voluptas quibusdam exercitationem ab unde culpa rem sunt.',	44.267043618702,	5.8451133077822,	'000-dump-placeholder.jpg',	NULL,	NULL,	'Voluptatem alias dignissimos nobis expedita repellat aut velit.',	1,	'2021-03-21 08:02:28',	'2021-04-14 02:16:38'),
(67,	3,	17,	'Maiores optio voluptatibus et.',	47.330439583218,	5.3334361701885,	'000-dump-placeholder.jpg',	NULL,	NULL,	'Et expedita culpa praesentium mollitia et.',	0,	'2020-11-09 11:32:41',	'2021-01-31 12:17:00'),
(68,	2,	3,	'Perspiciatis molestias sed dicta molestiae illo possimus qui.',	47.148291950243,	4.742131555434,	'000-dump-placeholder.jpg',	NULL,	NULL,	'Nostrum dolore nulla est ea quo fugiat unde.',	0,	'2020-11-19 23:11:44',	'2021-03-16 02:07:03'),
(69,	3,	12,	'Odio quod totam quia tempora id reprehenderit voluptas maiores.',	44.180277216055,	4.4692461233025,	'000-dump-placeholder.jpg',	NULL,	NULL,	'Voluptatum quia voluptatem est quo.',	0,	'2021-01-19 01:48:13',	'2021-01-26 00:00:53'),
(70,	3,	12,	'Voluptatem libero et illo ducimus consectetur est.',	47.481266552494,	1.1641331883847,	'000-dump-placeholder.jpg',	NULL,	NULL,	'Architecto officiis ea omnis velit.',	0,	'2020-12-06 13:00:57',	'2021-04-06 17:15:08'),
(71,	2,	23,	'Sed ratione dolorem fugit inventore repellendus voluptatum sit.',	47.309300253259,	3.4757085336467,	'000-dump-placeholder.jpg',	NULL,	NULL,	'Ipsam id non praesentium itaque sequi architecto quia veniam.',	0,	'2021-05-17 12:25:07',	'2021-05-18 15:09:15'),
(72,	1,	3,	'Explicabo excepturi molestias occaecati quo culpa.',	47.176292857525,	2.3357702588482,	'000-dump-placeholder.jpg',	NULL,	NULL,	'Corporis qui dolor sit cumque natus.',	1,	'2020-12-04 12:11:41',	'2021-02-12 06:24:35'),
(73,	1,	24,	'Nihil est sit beatae.',	48.173483660299,	0.61679975403726,	'000-dump-placeholder.jpg',	NULL,	NULL,	'Quos illo sed nostrum doloremque atque non.',	1,	'2021-03-12 15:05:28',	'2021-05-18 13:03:45');

DROP TABLE IF EXISTS `dump_waste`;
CREATE TABLE `dump_waste` (
  `dump_id` int(11) NOT NULL,
  `waste_id` int(11) NOT NULL,
  PRIMARY KEY (`dump_id`,`waste_id`),
  KEY `IDX_33B8C6102AE724B8` (`dump_id`),
  KEY `IDX_33B8C610FA6A22C2` (`waste_id`),
  CONSTRAINT `FK_33B8C6102AE724B8` FOREIGN KEY (`dump_id`) REFERENCES `dump` (`id`) ON DELETE CASCADE,
  CONSTRAINT `FK_33B8C610FA6A22C2` FOREIGN KEY (`waste_id`) REFERENCES `waste` (`id`) ON DELETE CASCADE
) ENGINE=InnoDB DEFAULT CHARSET=utf8mb4 COLLATE=utf8mb4_unicode_ci;

INSERT INTO `dump_waste` (`dump_id`, `waste_id`) VALUES
(1,	5),
(1,	6),
(2,	2),
(2,	7),
(3,	1),
(3,	6),
(4,	5),
(5,	2),
(5,	3),
(6,	1),
(6,	7),
(7,	1),
(7,	2),
(8,	1),
(8,	5),
(9,	1),
(10,	1),
(10,	7),
(11,	1),
(11,	7),
(12,	1),
(12,	5),
(13,	2),
(13,	5),
(14,	3),
(14,	6),
(15,	6),
(15,	7),
(16,	6),
(16,	7),
(17,	7),
(18,	1),
(18,	6),
(19,	3),
(19,	6),
(20,	1),
(20,	7),
(21,	3),
(21,	7),
(22,	1),
(22,	7),
(23,	5),
(23,	7),
(24,	1),
(25,	1),
(25,	7),
(26,	3),
(26,	6),
(27,	1),
(27,	2),
(28,	2),
(28,	6),
(29,	6),
(30,	2),
(30,	5),
(31,	1),
(31,	2),
(32,	6),
(33,	1),
(33,	6),
(34,	1),
(34,	3),
(35,	3),
(35,	6),
(36,	5),
(36,	6),
(37,	5),
(37,	7),
(38,	3),
(38,	7),
(39,	5),
(39,	6),
(40,	1),
(40,	3),
(41,	2),
(41,	6),
(42,	1),
(42,	5),
(43,	3),
(43,	5),
(44,	5),
(45,	1),
(45,	7),
(46,	5),
(46,	6),
(47,	2),
(47,	5),
(48,	2),
(48,	7),
(49,	2),
(50,	2),
(50,	5),
(51,	3),
(51,	7),
(52,	1),
(53,	3),
(53,	6),
(54,	3),
(54,	5),
(55,	2),
(55,	6),
(56,	2),
(56,	5),
(57,	2),
(57,	5),
(58,	6),
(58,	7),
(59,	3),
(59,	7),
(60,	1),
(60,	6),
(61,	3),
(62,	3),
(62,	6),
(63,	3),
(63,	6),
(64,	5),
(65,	1),
(65,	6),
(66,	1),
(66,	7),
(67,	5),
(67,	6),
(68,	2),
(68,	5),
(69,	3),
(70,	1),
(71,	5),
(71,	6),
(72,	1),
(72,	7),
(73,	1),
(73,	5);

DROP TABLE IF EXISTS `emergency`;
CREATE TABLE `emergency` (
  `id` int(11) NOT NULL AUTO_INCREMENT,
  `name` varchar(128) COLLATE utf8mb4_unicode_ci NOT NULL,
  `created_at` datetime NOT NULL,
  `updated_at` datetime DEFAULT NULL,
  `example` varchar(255) COLLATE utf8mb4_unicode_ci NOT NULL,
  PRIMARY KEY (`id`)
) ENGINE=InnoDB DEFAULT CHARSET=utf8mb4 COLLATE=utf8mb4_unicode_ci;

INSERT INTO `emergency` (`id`, `name`, `created_at`, `updated_at`, `example`) VALUES
(1,	'Elevée',	'2021-05-20 13:52:52',	NULL,	'Risque d\'empoisonnement des sols'),
(2,	'Moyenne',	'2021-05-20 13:52:52',	NULL,	'Danger pour la faune et les promeneurs'),
(3,	'Faible',	'2021-05-20 13:52:52',	NULL,	'Nuisance esthétique');

DROP TABLE IF EXISTS `removal`;
CREATE TABLE `removal` (
  `id` int(11) NOT NULL AUTO_INCREMENT,
  `dump_id` int(11) NOT NULL,
  `creator_id` int(11) NOT NULL,
  `date` datetime NOT NULL,
  `is_finished` tinyint(1) NOT NULL DEFAULT 0,
  `created_at` datetime NOT NULL,
  `updated_at` datetime DEFAULT NULL,
  PRIMARY KEY (`id`),
  KEY `IDX_D4DBB74B2AE724B8` (`dump_id`),
  KEY `IDX_D4DBB74B61220EA6` (`creator_id`),
  CONSTRAINT `FK_D4DBB74B2AE724B8` FOREIGN KEY (`dump_id`) REFERENCES `dump` (`id`),
  CONSTRAINT `FK_D4DBB74B61220EA6` FOREIGN KEY (`creator_id`) REFERENCES `user` (`id`)
) ENGINE=InnoDB DEFAULT CHARSET=utf8mb4 COLLATE=utf8mb4_unicode_ci;

INSERT INTO `removal` (`id`, `dump_id`, `creator_id`, `date`, `is_finished`, `created_at`, `updated_at`) VALUES
(1,	59,	7,	'2021-06-21 21:47:30',	1,	'2021-03-03 05:43:12',	NULL),
(2,	43,	19,	'2021-05-03 15:54:38',	0,	'2021-04-29 11:21:43',	NULL),
(3,	62,	18,	'2020-07-01 11:05:06',	0,	'2020-04-29 14:47:25',	NULL),
(4,	1,	19,	'2020-12-14 19:36:24',	1,	'2020-05-23 20:27:54',	NULL),
(5,	3,	11,	'2021-05-04 09:47:51',	1,	'2020-09-20 19:58:38',	NULL),
(6,	9,	18,	'2021-05-30 18:38:02',	0,	'2021-03-14 02:44:01',	NULL),
(7,	38,	25,	'2020-10-19 06:02:11',	0,	'2020-10-06 13:56:59',	NULL),
(8,	46,	18,	'2020-12-21 00:50:22',	0,	'2020-11-07 04:27:26',	NULL),
(9,	21,	2,	'2021-06-05 08:35:55',	1,	'2021-05-04 02:16:22',	NULL),
(10,	18,	17,	'2021-03-22 10:18:06',	0,	'2021-03-09 14:07:29',	NULL),
(11,	21,	23,	'2021-03-10 18:41:47',	0,	'2020-07-12 18:17:52',	NULL),
(12,	65,	22,	'2021-03-01 17:27:21',	0,	'2020-04-18 11:03:28',	NULL),
(13,	6,	14,	'2021-07-02 11:17:58',	0,	'2021-03-25 13:12:11',	NULL),
(14,	50,	16,	'2021-02-08 07:48:16',	0,	'2020-12-08 16:35:19',	NULL),
(15,	65,	27,	'2021-06-16 18:04:07',	0,	'2021-01-23 23:00:02',	NULL),
(16,	3,	7,	'2021-05-20 06:08:04',	0,	'2020-12-21 01:33:27',	NULL),
(17,	10,	10,	'2021-07-12 17:09:19',	0,	'2020-11-21 04:54:55',	NULL),
(18,	30,	5,	'2021-06-18 04:06:04',	0,	'2020-11-26 08:31:12',	NULL),
(19,	61,	23,	'2020-10-28 15:17:15',	1,	'2020-05-15 19:27:36',	NULL),
(20,	42,	24,	'2021-05-05 13:04:06',	1,	'2021-04-18 20:28:18',	NULL),
(21,	61,	12,	'2021-05-01 09:50:26',	1,	'2021-04-23 20:28:05',	NULL),
(22,	57,	17,	'2021-02-05 20:13:01',	1,	'2021-01-01 10:08:02',	NULL),
(23,	43,	18,	'2020-11-14 02:32:20',	1,	'2020-08-02 14:04:58',	NULL),
(24,	73,	16,	'2021-04-28 16:35:30',	1,	'2020-12-24 20:56:07',	NULL),
(25,	6,	21,	'2021-06-12 02:40:04',	1,	'2021-04-21 06:20:45',	NULL),
(26,	1,	27,	'2021-01-29 23:04:11',	1,	'2020-12-03 03:43:08',	NULL),
(27,	21,	18,	'2021-06-14 00:27:13',	0,	'2021-03-09 23:02:49',	NULL),
(28,	11,	22,	'2021-05-14 03:12:46',	1,	'2020-08-23 03:48:22',	NULL),
(29,	66,	11,	'2021-05-08 15:58:00',	0,	'2021-03-27 17:15:17',	NULL),
(30,	3,	21,	'2021-04-11 23:05:39',	0,	'2021-03-24 13:23:56',	NULL),
(31,	13,	22,	'2021-05-26 23:42:47',	1,	'2021-04-23 05:41:11',	NULL),
(32,	62,	19,	'2021-06-08 20:05:05',	1,	'2021-01-22 02:18:38',	NULL),
(33,	56,	22,	'2021-06-29 20:50:31',	1,	'2020-04-24 05:31:06',	NULL),
(34,	65,	1,	'2020-09-17 06:48:42',	1,	'2020-04-22 15:25:51',	NULL),
(35,	38,	21,	'2021-07-06 23:42:06',	1,	'2021-01-28 00:55:02',	NULL),
(36,	3,	5,	'2020-09-06 09:28:19',	0,	'2020-09-04 12:22:22',	NULL),
(37,	53,	14,	'2021-07-08 01:22:36',	0,	'2021-04-06 11:17:36',	NULL),
(38,	40,	1,	'2020-11-19 20:24:28',	1,	'2020-05-15 06:13:42',	NULL),
(39,	72,	18,	'2021-01-14 00:40:48',	0,	'2020-11-18 04:07:26',	NULL),
(40,	59,	16,	'2021-05-19 13:41:08',	0,	'2020-06-15 06:09:41',	NULL),
(41,	56,	1,	'2021-07-12 03:12:22',	1,	'2021-04-30 10:11:00',	NULL),
(42,	56,	16,	'2021-06-06 08:25:53',	0,	'2021-03-14 07:28:25',	NULL),
(43,	43,	14,	'2020-08-02 17:53:19',	1,	'2020-06-22 08:30:21',	NULL),
(44,	20,	30,	'2021-02-26 19:38:31',	0,	'2020-10-30 19:56:00',	NULL),
(45,	69,	22,	'2020-10-11 14:17:22',	0,	'2020-09-16 11:33:33',	NULL),
(46,	57,	14,	'2020-10-10 04:17:47',	1,	'2020-09-30 11:11:47',	NULL),
(47,	35,	5,	'2021-05-08 23:12:39',	0,	'2021-04-30 05:01:22',	NULL),
(48,	58,	28,	'2021-02-03 12:37:49',	0,	'2020-11-20 07:00:18',	NULL),
(49,	49,	11,	'2021-05-26 23:16:23',	1,	'2021-01-15 00:55:15',	NULL),
(50,	24,	13,	'2021-05-28 06:44:33',	0,	'2021-05-18 05:36:06',	NULL),
(51,	9,	22,	'2021-06-14 06:05:15',	1,	'2021-04-10 21:34:20',	NULL),
(52,	60,	9,	'2020-08-02 06:45:13',	1,	'2020-07-24 18:29:58',	NULL),
(53,	60,	17,	'2020-10-25 02:20:26',	0,	'2020-08-12 06:00:49',	NULL),
(54,	18,	2,	'2021-04-16 05:04:16',	0,	'2020-06-05 19:26:03',	NULL),
(55,	2,	21,	'2021-03-04 19:25:00',	0,	'2020-08-12 03:42:19',	NULL),
(56,	71,	12,	'2021-02-07 12:26:30',	1,	'2020-12-13 22:37:40',	NULL),
(57,	34,	12,	'2021-02-24 11:32:53',	0,	'2020-08-20 04:28:41',	NULL),
(58,	40,	14,	'2021-07-13 02:46:50',	0,	'2021-02-17 23:56:18',	NULL),
(59,	52,	17,	'2021-03-07 04:40:08',	1,	'2021-01-22 12:14:34',	NULL),
(60,	46,	18,	'2021-05-09 06:35:10',	0,	'2020-12-27 21:58:04',	NULL),
(61,	36,	4,	'2021-02-28 17:35:38',	0,	'2021-01-04 19:24:55',	NULL),
(62,	58,	21,	'2020-12-13 03:00:08',	0,	'2020-04-26 03:35:31',	NULL),
(63,	30,	16,	'2021-05-21 07:24:57',	1,	'2020-08-03 10:48:35',	NULL),
(64,	62,	24,	'2020-09-24 20:34:26',	0,	'2020-05-12 19:22:54',	NULL),
(65,	57,	6,	'2021-06-22 17:33:13',	1,	'2021-04-21 13:13:00',	NULL),
(66,	44,	17,	'2021-07-06 16:14:58',	1,	'2021-05-04 10:54:54',	NULL),
(67,	65,	15,	'2021-05-15 20:55:23',	0,	'2021-04-23 16:03:52',	NULL),
(68,	7,	2,	'2020-09-28 04:19:58',	1,	'2020-05-18 18:46:10',	NULL),
(69,	43,	6,	'2021-07-12 00:54:35',	1,	'2020-06-17 09:42:49',	NULL),
(70,	6,	20,	'2020-12-09 09:29:34',	0,	'2020-11-23 13:40:52',	NULL),
(71,	11,	5,	'2021-05-12 01:36:19',	0,	'2021-02-23 16:55:21',	NULL),
(72,	73,	2,	'2021-07-14 08:35:04',	1,	'2021-04-06 23:31:22',	NULL),
(73,	32,	25,	'2021-06-13 04:36:47',	1,	'2020-10-12 15:59:07',	NULL),
(74,	68,	13,	'2021-06-11 01:08:53',	0,	'2020-10-01 02:57:43',	NULL),
(75,	40,	22,	'2021-03-10 10:19:43',	0,	'2020-12-21 01:15:46',	NULL),
(76,	6,	19,	'2020-06-22 15:59:28',	1,	'2020-05-07 13:10:38',	NULL),
(77,	29,	26,	'2021-05-26 16:00:36',	0,	'2021-02-20 13:36:29',	NULL),
(78,	55,	15,	'2020-10-11 16:28:02',	0,	'2020-05-29 03:25:37',	NULL),
(79,	46,	1,	'2021-04-26 12:50:41',	0,	'2021-03-22 23:07:47',	NULL),
(80,	50,	19,	'2020-12-02 09:54:24',	0,	'2020-09-07 01:19:58',	NULL),
(81,	57,	29,	'2021-04-09 07:03:07',	0,	'2020-08-07 20:18:39',	NULL),
(82,	7,	26,	'2020-12-30 00:50:07',	1,	'2020-09-02 23:33:41',	NULL),
(83,	16,	29,	'2020-10-23 06:15:30',	0,	'2020-10-17 01:07:10',	NULL),
(84,	71,	30,	'2021-02-19 01:14:25',	1,	'2020-09-08 22:56:38',	NULL),
(85,	51,	9,	'2020-10-02 23:26:03',	0,	'2020-08-20 11:19:57',	NULL),
(86,	23,	1,	'2021-02-09 10:01:15',	1,	'2020-10-06 05:31:55',	NULL),
(87,	26,	3,	'2020-12-07 11:13:04',	0,	'2020-07-08 07:28:56',	NULL),
(88,	13,	12,	'2020-07-30 08:07:06',	1,	'2020-06-30 23:50:36',	NULL),
(89,	62,	12,	'2020-12-02 22:54:10',	1,	'2020-05-26 17:59:49',	NULL),
(90,	10,	29,	'2020-12-06 12:02:41',	1,	'2020-10-14 23:22:33',	NULL),
(91,	72,	19,	'2021-07-01 22:44:37',	1,	'2020-10-15 23:32:25',	NULL),
(92,	20,	6,	'2021-06-23 03:40:49',	1,	'2021-05-05 04:02:14',	NULL),
(93,	19,	28,	'2020-10-03 13:06:08',	1,	'2020-05-18 08:35:43',	NULL),
(94,	44,	12,	'2021-04-01 20:58:08',	0,	'2020-07-04 17:59:17',	NULL),
(95,	24,	19,	'2021-03-10 21:34:06',	1,	'2020-08-21 06:13:23',	NULL),
(96,	21,	8,	'2020-12-20 03:34:39',	1,	'2020-08-20 06:47:40',	NULL),
(97,	12,	3,	'2020-11-13 03:38:07',	1,	'2020-10-28 01:09:15',	NULL),
(98,	5,	29,	'2021-06-05 04:54:43',	1,	'2020-06-03 15:09:56',	NULL),
(99,	67,	19,	'2021-06-04 22:32:27',	1,	'2021-05-10 08:35:57',	NULL),
(100,	54,	8,	'2021-04-20 09:18:48',	0,	'2020-06-26 16:32:38',	NULL),
(101,	2,	24,	'2020-09-10 13:58:25',	0,	'2020-05-27 23:29:06',	NULL),
(102,	71,	2,	'2021-06-12 05:45:46',	1,	'2021-04-27 21:26:46',	NULL),
(103,	8,	23,	'2021-05-18 05:14:02',	0,	'2021-04-24 12:36:28',	NULL),
(104,	1,	9,	'2020-09-10 08:10:47',	1,	'2020-06-02 08:09:46',	NULL),
(105,	45,	19,	'2021-07-06 09:00:09',	1,	'2021-05-03 21:34:23',	NULL),
(106,	35,	12,	'2021-06-25 16:15:31',	0,	'2021-05-18 05:10:41',	NULL),
(107,	1,	11,	'2021-01-10 19:18:47',	1,	'2020-06-05 08:12:40',	NULL),
(108,	56,	28,	'2021-05-21 04:45:03',	1,	'2021-05-10 21:57:07',	NULL),
(109,	43,	18,	'2021-06-14 03:14:25',	0,	'2021-02-13 05:41:16',	NULL),
(110,	22,	1,	'2021-05-13 17:57:38',	0,	'2021-02-22 11:36:52',	NULL),
(111,	6,	1,	'2021-01-22 22:06:17',	0,	'2020-11-21 16:37:48',	NULL),
(112,	6,	20,	'2021-06-21 10:51:56',	0,	'2021-04-06 09:23:02',	NULL),
(113,	68,	20,	'2020-06-07 04:39:36',	1,	'2020-05-11 00:11:22',	NULL),
(114,	20,	12,	'2020-09-07 14:05:08',	0,	'2020-09-01 02:06:41',	NULL),
(115,	10,	29,	'2020-11-12 09:03:24',	1,	'2020-10-07 07:19:50',	NULL),
(116,	30,	21,	'2021-02-08 20:17:02',	1,	'2020-11-11 00:16:23',	NULL),
(117,	41,	24,	'2021-05-12 13:13:41',	0,	'2021-02-10 22:15:04',	NULL),
(118,	21,	19,	'2021-06-14 06:37:24',	0,	'2020-12-18 04:39:29',	NULL),
(119,	35,	22,	'2021-03-15 00:56:54',	0,	'2020-12-11 18:17:14',	NULL),
(120,	73,	19,	'2020-12-29 19:51:05',	1,	'2020-09-17 05:06:02',	NULL),
(121,	60,	18,	'2020-10-31 18:04:42',	0,	'2020-06-22 03:30:30',	NULL),
(122,	69,	1,	'2021-05-08 21:40:32',	0,	'2021-03-10 14:53:44',	NULL),
(123,	72,	4,	'2021-02-03 19:40:05',	0,	'2020-11-08 13:30:25',	NULL),
(124,	55,	7,	'2021-01-22 06:04:26',	0,	'2020-10-17 19:10:48',	NULL),
(125,	51,	17,	'2021-06-13 16:25:04',	1,	'2021-05-09 03:16:27',	NULL),
(126,	30,	9,	'2021-03-31 17:52:47',	1,	'2020-10-06 05:54:01',	NULL),
(127,	57,	8,	'2021-05-07 13:58:42',	1,	'2021-03-06 20:58:54',	NULL),
(128,	18,	13,	'2021-05-19 04:30:31',	0,	'2020-09-15 11:31:55',	NULL),
(129,	58,	4,	'2021-01-08 08:40:18',	0,	'2020-10-08 05:32:20',	NULL),
(130,	71,	18,	'2020-10-14 04:48:49',	0,	'2020-10-01 23:41:27',	NULL);

DROP TABLE IF EXISTS `user`;
CREATE TABLE `user` (
  `id` int(11) NOT NULL AUTO_INCREMENT,
  `email` varchar(180) COLLATE utf8mb4_unicode_ci NOT NULL,
  `roles` longtext COLLATE utf8mb4_unicode_ci NOT NULL COMMENT '(DC2Type:json)',
  `password` varchar(255) COLLATE utf8mb4_unicode_ci NOT NULL,
  `user_alias` varchar(128) COLLATE utf8mb4_unicode_ci NOT NULL,
  `firstname` varchar(128) COLLATE utf8mb4_unicode_ci NOT NULL,
  `lastname` varchar(128) COLLATE utf8mb4_unicode_ci NOT NULL,
  `is_banned` tinyint(1) NOT NULL,
  `created_at` datetime NOT NULL,
  `updated_at` datetime DEFAULT NULL,
  `last_connection_at` datetime DEFAULT NULL,
  PRIMARY KEY (`id`),
  UNIQUE KEY `UNIQ_8D93D649E7927C74` (`email`)
) ENGINE=InnoDB DEFAULT CHARSET=utf8mb4 COLLATE=utf8mb4_unicode_ci;

INSERT INTO `user` (`id`, `email`, `roles`, `password`, `user_alias`, `firstname`, `lastname`, `is_banned`, `created_at`, `updated_at`, `last_connection_at`) VALUES
(1,	'admin@oplanet.fr',	'[\"ROLE_ADMIN\"]',	'$argon2id$v=19$m=65536,t=4,p=1$MOfqSm5MmvMCcpZWP7Uyyg$49aOl8/gAN6OfIvYfxc6eRhcz9/mA8+SjLOY/Bku5YY',	'admin',	'admin',	'admin',	0,	'2020-12-03 08:29:47',	NULL,	'2020-12-04 13:06:24'),
(2,	'anonymous@oplanet.fr',	'[\"ROLE_ADMIN\"]',	'$argon2id$v=19$m=65536,t=4,p=1$EtVGsAB5rPaxRmRbU0Z70A$glnRQHPRU7pHOnRfkZdzIsMxuLoEty5b5tfG6PiLL9s',	'anonymous',	'anonymous',	'anonymous',	0,	'2021-01-28 16:59:47',	NULL,	'2021-05-13 00:48:20'),
(3,	'zprosacco@hotmail.com',	'[]',	'$argon2id$v=19$m=65536,t=4,p=1$AifUc65utncrsHqSFcM8Ew$cKvPR3sDQmG0updZ9FxGioy7/JhH1sFqpNuPDlIlZmU',	'pvandervort',	'Lane',	'O\'Hara',	0,	'2020-08-27 18:43:02',	NULL,	'2020-12-11 05:45:43'),
(4,	'herminia.hahn@gmail.com',	'[]',	'$argon2id$v=19$m=65536,t=4,p=1$AifUc65utncrsHqSFcM8Ew$cKvPR3sDQmG0updZ9FxGioy7/JhH1sFqpNuPDlIlZmU',	'justus87',	'Wanda',	'Koelpin',	0,	'2020-08-26 17:01:18',	NULL,	'2021-04-27 14:49:12'),
(5,	'kaley86@weimann.info',	'[]',	'$argon2id$v=19$m=65536,t=4,p=1$AifUc65utncrsHqSFcM8Ew$cKvPR3sDQmG0updZ9FxGioy7/JhH1sFqpNuPDlIlZmU',	'donnelly.virginia',	'Martin',	'Bosco',	0,	'2021-01-17 12:10:42',	NULL,	'2021-03-22 06:38:49'),
(6,	'vtremblay@hotmail.com',	'[]',	'$argon2id$v=19$m=65536,t=4,p=1$AifUc65utncrsHqSFcM8Ew$cKvPR3sDQmG0updZ9FxGioy7/JhH1sFqpNuPDlIlZmU',	'wisoky.clifford',	'Brook',	'Osinski',	0,	'2021-04-12 15:43:26',	NULL,	'2021-04-28 05:59:10'),
(7,	'letha.koepp@hotmail.com',	'[]',	'$argon2id$v=19$m=65536,t=4,p=1$AifUc65utncrsHqSFcM8Ew$cKvPR3sDQmG0updZ9FxGioy7/JhH1sFqpNuPDlIlZmU',	'marquis.conroy',	'Darien',	'Cummings',	0,	'2020-09-27 14:15:14',	NULL,	'2021-05-15 06:38:24'),
(8,	'muller.estella@rogahn.biz',	'[]',	'$argon2id$v=19$m=65536,t=4,p=1$AifUc65utncrsHqSFcM8Ew$cKvPR3sDQmG0updZ9FxGioy7/JhH1sFqpNuPDlIlZmU',	'pierce22',	'Anais',	'Lockman',	0,	'2020-11-12 01:49:28',	NULL,	'2020-11-28 09:40:12'),
(9,	'mohammed.carter@gmail.com',	'[]',	'$argon2id$v=19$m=65536,t=4,p=1$AifUc65utncrsHqSFcM8Ew$cKvPR3sDQmG0updZ9FxGioy7/JhH1sFqpNuPDlIlZmU',	'bennett32',	'Christina',	'Vandervort',	0,	'2020-07-30 19:07:44',	NULL,	'2021-02-20 03:27:48'),
(10,	'kaley42@morar.net',	'[]',	'$argon2id$v=19$m=65536,t=4,p=1$AifUc65utncrsHqSFcM8Ew$cKvPR3sDQmG0updZ9FxGioy7/JhH1sFqpNuPDlIlZmU',	'tmckenzie',	'Dee',	'Trantow',	0,	'2020-11-14 22:59:12',	NULL,	'2021-01-31 05:29:59'),
(11,	'kelley54@gmail.com',	'[]',	'$argon2id$v=19$m=65536,t=4,p=1$AifUc65utncrsHqSFcM8Ew$cKvPR3sDQmG0updZ9FxGioy7/JhH1sFqpNuPDlIlZmU',	'ylesch',	'Salma',	'Langworth',	0,	'2021-02-26 12:57:20',	NULL,	'2021-03-03 11:53:27'),
(12,	'bradley45@hotmail.com',	'[]',	'$argon2id$v=19$m=65536,t=4,p=1$AifUc65utncrsHqSFcM8Ew$cKvPR3sDQmG0updZ9FxGioy7/JhH1sFqpNuPDlIlZmU',	'brandt.dibbert',	'Lina',	'Leuschke',	0,	'2021-03-14 00:29:25',	NULL,	'2021-04-06 08:29:17'),
(13,	'karley24@yahoo.com',	'[]',	'$argon2id$v=19$m=65536,t=4,p=1$AifUc65utncrsHqSFcM8Ew$cKvPR3sDQmG0updZ9FxGioy7/JhH1sFqpNuPDlIlZmU',	'shanna30',	'Madie',	'Rolfson',	0,	'2020-12-27 21:39:48',	NULL,	'2021-02-16 00:44:27'),
(14,	'stanton.romaguera@marvin.com',	'[]',	'$argon2id$v=19$m=65536,t=4,p=1$AifUc65utncrsHqSFcM8Ew$cKvPR3sDQmG0updZ9FxGioy7/JhH1sFqpNuPDlIlZmU',	'randerson',	'Geovanny',	'Bins',	0,	'2020-05-31 11:26:32',	NULL,	'2021-03-06 03:18:05'),
(15,	'king.halle@beier.com',	'[]',	'$argon2id$v=19$m=65536,t=4,p=1$AifUc65utncrsHqSFcM8Ew$cKvPR3sDQmG0updZ9FxGioy7/JhH1sFqpNuPDlIlZmU',	'neva.bradtke',	'Kayleigh',	'Prosacco',	0,	'2021-05-17 17:19:17',	NULL,	'2021-05-18 09:11:43'),
(16,	'padberg.jeanette@altenwerth.net',	'[]',	'$argon2id$v=19$m=65536,t=4,p=1$AifUc65utncrsHqSFcM8Ew$cKvPR3sDQmG0updZ9FxGioy7/JhH1sFqpNuPDlIlZmU',	'jeanette.bogan',	'Lou',	'Konopelski',	0,	'2021-05-12 03:37:03',	NULL,	'2021-05-18 06:48:19'),
(17,	'ogutmann@adams.org',	'[]',	'$argon2id$v=19$m=65536,t=4,p=1$AifUc65utncrsHqSFcM8Ew$cKvPR3sDQmG0updZ9FxGioy7/JhH1sFqpNuPDlIlZmU',	'dledner',	'Amber',	'Schroeder',	0,	'2021-01-19 07:20:08',	NULL,	'2021-03-24 20:53:30'),
(18,	'friesen.damaris@hotmail.com',	'[]',	'$argon2id$v=19$m=65536,t=4,p=1$AifUc65utncrsHqSFcM8Ew$cKvPR3sDQmG0updZ9FxGioy7/JhH1sFqpNuPDlIlZmU',	'sbeatty',	'Buddy',	'D\'Amore',	0,	'2021-05-13 13:18:34',	NULL,	'2021-05-17 19:57:31'),
(19,	'mwolf@roob.com',	'[]',	'$argon2id$v=19$m=65536,t=4,p=1$AifUc65utncrsHqSFcM8Ew$cKvPR3sDQmG0updZ9FxGioy7/JhH1sFqpNuPDlIlZmU',	'grant.deion',	'Alphonso',	'Cronin',	0,	'2021-01-30 15:59:54',	NULL,	'2021-02-13 07:33:10'),
(20,	'kennith.marks@hotmail.com',	'[]',	'$argon2id$v=19$m=65536,t=4,p=1$AifUc65utncrsHqSFcM8Ew$cKvPR3sDQmG0updZ9FxGioy7/JhH1sFqpNuPDlIlZmU',	'fleta97',	'Ramiro',	'Purdy',	0,	'2020-07-17 18:26:03',	NULL,	'2021-02-22 20:54:33'),
(21,	'hector86@frami.com',	'[]',	'$argon2id$v=19$m=65536,t=4,p=1$AifUc65utncrsHqSFcM8Ew$cKvPR3sDQmG0updZ9FxGioy7/JhH1sFqpNuPDlIlZmU',	'lavonne.collins',	'Ursula',	'Cremin',	0,	'2020-06-03 02:46:41',	NULL,	'2020-06-27 02:55:44'),
(22,	'ftremblay@fadel.biz',	'[]',	'$argon2id$v=19$m=65536,t=4,p=1$AifUc65utncrsHqSFcM8Ew$cKvPR3sDQmG0updZ9FxGioy7/JhH1sFqpNuPDlIlZmU',	'justyn34',	'Bella',	'Bins',	0,	'2021-01-24 15:22:56',	NULL,	'2021-01-28 17:33:55'),
(23,	'damian07@roberts.net',	'[]',	'$argon2id$v=19$m=65536,t=4,p=1$AifUc65utncrsHqSFcM8Ew$cKvPR3sDQmG0updZ9FxGioy7/JhH1sFqpNuPDlIlZmU',	'patricia05',	'Leone',	'Balistreri',	0,	'2021-04-29 06:04:40',	NULL,	'2021-05-17 07:29:16'),
(24,	'mprice@doyle.com',	'[]',	'$argon2id$v=19$m=65536,t=4,p=1$AifUc65utncrsHqSFcM8Ew$cKvPR3sDQmG0updZ9FxGioy7/JhH1sFqpNuPDlIlZmU',	'csimonis',	'Okey',	'Auer',	0,	'2020-08-31 10:07:08',	NULL,	'2021-05-03 15:53:04'),
(25,	'kristian24@marks.com',	'[]',	'$argon2id$v=19$m=65536,t=4,p=1$AifUc65utncrsHqSFcM8Ew$cKvPR3sDQmG0updZ9FxGioy7/JhH1sFqpNuPDlIlZmU',	'adrien.tremblay',	'Ryder',	'Muller',	0,	'2020-10-27 08:30:00',	NULL,	'2021-02-17 10:07:48'),
(26,	'erna46@hotmail.com',	'[]',	'$argon2id$v=19$m=65536,t=4,p=1$AifUc65utncrsHqSFcM8Ew$cKvPR3sDQmG0updZ9FxGioy7/JhH1sFqpNuPDlIlZmU',	'waters.lucienne',	'Garth',	'Walter',	0,	'2020-07-08 15:33:06',	NULL,	'2020-08-07 19:03:06'),
(27,	'weber.domenic@turcotte.net',	'[]',	'$argon2id$v=19$m=65536,t=4,p=1$AifUc65utncrsHqSFcM8Ew$cKvPR3sDQmG0updZ9FxGioy7/JhH1sFqpNuPDlIlZmU',	'yschowalter',	'Lea',	'Ledner',	0,	'2021-03-17 10:28:31',	NULL,	'2021-05-15 18:07:49'),
(28,	'tiana72@gmail.com',	'[]',	'$argon2id$v=19$m=65536,t=4,p=1$AifUc65utncrsHqSFcM8Ew$cKvPR3sDQmG0updZ9FxGioy7/JhH1sFqpNuPDlIlZmU',	'nathen08',	'Arnold',	'Halvorson',	0,	'2020-04-21 03:48:58',	NULL,	'2020-10-06 12:02:07'),
(29,	'norval.beahan@yahoo.com',	'[]',	'$argon2id$v=19$m=65536,t=4,p=1$AifUc65utncrsHqSFcM8Ew$cKvPR3sDQmG0updZ9FxGioy7/JhH1sFqpNuPDlIlZmU',	'lwalsh',	'Ben',	'Yost',	0,	'2020-09-04 05:49:21',	NULL,	'2020-09-24 02:53:31'),
(30,	'clement.hudson@witting.com',	'[]',	'$argon2id$v=19$m=65536,t=4,p=1$AifUc65utncrsHqSFcM8Ew$cKvPR3sDQmG0updZ9FxGioy7/JhH1sFqpNuPDlIlZmU',	'pinkie91',	'Kristoffer',	'Huels',	0,	'2020-04-28 04:10:55',	NULL,	'2020-05-11 16:11:08');

DROP TABLE IF EXISTS `user_removal`;
CREATE TABLE `user_removal` (
  `user_id` int(11) NOT NULL,
  `removal_id` int(11) NOT NULL,
  PRIMARY KEY (`user_id`,`removal_id`),
  KEY `IDX_8CD6A941A76ED395` (`user_id`),
  KEY `IDX_8CD6A941A00B94E6` (`removal_id`),
  CONSTRAINT `FK_8CD6A941A00B94E6` FOREIGN KEY (`removal_id`) REFERENCES `removal` (`id`) ON DELETE CASCADE,
  CONSTRAINT `FK_8CD6A941A76ED395` FOREIGN KEY (`user_id`) REFERENCES `user` (`id`) ON DELETE CASCADE
) ENGINE=InnoDB DEFAULT CHARSET=utf8mb4 COLLATE=utf8mb4_unicode_ci;

INSERT INTO `user_removal` (`user_id`, `removal_id`) VALUES
(2,	80),
(2,	108),
(2,	124),
(4,	59),
(6,	65),
(6,	90),
(6,	93),
(9,	13),
(9,	69),
(9,	85),
(11,	87),
(12,	8),
(14,	89),
(14,	109),
(15,	28),
(15,	85),
(18,	4),
(19,	74),
(20,	14),
(20,	49),
(21,	14),
(22,	64),
(22,	74),
(23,	128),
(24,	74),
(24,	118),
(24,	129),
(26,	67),
(27,	82),
(29,	85),
(30,	37),
(30,	86);

DROP TABLE IF EXISTS `waste`;
CREATE TABLE `waste` (
  `id` int(11) NOT NULL AUTO_INCREMENT,
  `name` varchar(128) COLLATE utf8mb4_unicode_ci NOT NULL,
  `created_at` datetime NOT NULL,
  `updated_at` datetime DEFAULT NULL,
  PRIMARY KEY (`id`)
) ENGINE=InnoDB DEFAULT CHARSET=utf8mb4 COLLATE=utf8mb4_unicode_ci;

INSERT INTO `waste` (`id`, `name`, `created_at`, `updated_at`) VALUES
(1,	'Matériaux de chantier',	'2021-05-20 13:52:52',	NULL),
(2,	'Produits chimiques',	'2021-05-20 13:52:52',	NULL),
(3,	'Epave de véhicule',	'2021-05-20 13:52:52',	NULL),
(4,	'Détritus',	'2021-05-20 13:52:52',	NULL),
(5,	'Electroménager / meubles',	'2021-05-20 13:52:52',	NULL),
(6,	'Autres',	'2021-05-20 13:52:52',	NULL),
(7,	'test',	'2021-05-20 00:00:00',	NULL);

-- 2021-05-20 14:32:59